{"_step":3,"Global Test Loss":0.93764948424171,"_wandb":{"runtime":107},"_runtime":107,"Global Test Accuracy":0.6755555555555556,"_timestamp":1.763129076302442e+09}